1,申し訳ありませんが、提供された文脈には競漕会の三日前のレースコースでの農科と文科の具体的な秒数差についての情報は含まれていません。,文科も予定通り五分の力漕まで漕ぎつけて、競漕の三日前からレースコースをやることになった。もうこう差し迫っては泣いても吠《ほ》えても追いつかない。そこで正々堂々と衆目環視の中に競漕水路を漕ぐのである。土堤《どて》の上では野次が寄ってたかった。敵味方の漕力を測ったり比較したりする。だんだんいわゆる土堤評というものが出来上ってくる。それが初めは農科必勝ということに傾いていた
2,作中で骸骨男の正体として明確に氏名が言及されている部分はありません。,"いったい、これはどういうわけなのでしょう。このやせおとろえた老人が、ほんとうの笠原団長で、あのもうひとりの笠原さんは、にせものだとでもいうのでしょうか。

骸骨男の正体［＃「骸骨男の正体」は中見出し］

　このあと、地下室でどんなことが起こったか。それは、のちにわかるのですから、お話をとばして、それから三日めのできごとにうつります。その三日めの午後でした"
3,骸骨男がバスの中から抜け出した方法について、具体的な詳細は提供された文脈からは明らかではありません。ただし、骸骨男が窓の鉄格子を抜け出したり、地面に足跡を残さずに移動したりすることが「ふしぎ」とされています。これらの描写から、骸骨男が何らかの特殊な方法や能力を使って抜け出した可能性が示唆されていますが、具体的な方法については記述されていません。,"「バスの中に骸骨男がいるんです。はやくつかまえてください。」
　小林君が、叫びました。
「よしッ。」
　警官のひとりが、バスのうしろの出入り口へ突進しました。
「おいッ、あけろ！　ここをあけろ！」
　警官は、にぎりこぶしで、出入り口のドアをたたいて、どなっています。
　いつのまにかドアがしまって、ひらかなくなっていたのです。怪物が、中から鍵《かぎ》をかけてしまったらしいのです"
4,申し訳ありませんが、提供された文脈からは、殺人罪で裁判にかけられた兄の理由についての具体的な情報は見つかりませんでした。,"自殺未遂の者は、病院に運ばれて手厚く看病されたが、回復後数ヶ月して、殺人罪で裁判にかけられた。
　どんな刑が言い渡されたのか、詳細は知らない。当時日本の裁判官は、人情がらみの犯罪を裁く場合、かなりの個人的裁量を有していた。刑法典は西洋のをモデルに作られたものであったが、情状酌量の余地を制限していなかった"
5,小説「芽生」で出てくる国名は「西比利亜（サイベリア）」の1種類です。,"行っても、行っても、お菊の思うような小諸の古い城跡へは出なかった。桑畠のかわりには、植木苗の畠がある。黒ずんだ松林のかわりには、明るい雑木の林がある。そのうちに、木と木の間が光って、高い青空は夕映《ゆうばえ》の色に耀《かがや》き始めた。
　急にお菊は勝手の違ったように、四辺《あたり》を眺め廻した。そして子供らしい恐怖に打たれて、なんでも家の方へ帰ろうと言出した"
6,提供された文脈からは、武男と浪子のどちらが野外での楽しみをより積極的に表現しているかについての具体的な情報は見つかりませんでした。したがって、その質問に対する答えはわかりません。,"武男は図らずして乃舅《だいきゅう》を救えるなり。
　　　　　　　＊
　この事いずれよりか伝わりて、浪子に達せし時、幾は限りなくよろこびて、
「ごらん遊ばせ。どうしても御縁が尽きぬのでございますよ。精出して御養生遊ばせ。ねエ、精出して養生いたしましょうねエ」
　浪子はさびしく打ちほほえみぬ"
7,提供された文脈からは、主人公が東京から小諸に帰る具体的な時期や引越しが完了するまでの正確な日数についての情報は明示されていません。そのため、正確な日数を特定することはできません。,"さるにてもこの四五日、東京だよりのはたと絶え、番町の宅よりも、実家《さと》よりも、飯田町《いいだまち》の伯母《おば》よりすらも、はがき一枚来ぬことの何となく気にかかり、今しも日ながの手すさびに山百合を生くとて下葉《したば》を剪《はさ》みおれる浪子は、水さし持ちて入り来たりし姥《うば》のいくに
「ねエ、ばあや、ちょっとも東京のたよりがないのね。どうしたのだろう？」
「さようでございますねエ"
8,「競漕」の中で、文科のボート部メンバーが実際に酒を飲むシーンは一回です。夕飯に褒賞の意味で窪田が特別に一人約二合ほどの酒を許した場面が描かれています。,"それが久野には何だか身が緊ったように感ぜられた。四時十五分前にはそこを出た。四時の定刻に繋留《けいりゅう》しないと競漕からオミットされるからである。土堤では観衆が一種の尊敬と好奇の念をもってこの樺色の衣服を着た選手たちに道をあけた。
　文科の短艇《ボート》が先に拍手に送られて台船を離れた。窪田らはいつもより緩やかな調子で漕ぎ出した。そして三十本ほど試漕をした"
9,"文中に登場するカタカナ表記された北海道の地名は以下の通りです：

1. マッカリヌプリ
2. 蝦夷富士（えぞふじ）",北海道の冬は空まで逼《せま》っていた。蝦夷富士《えぞふじ》といわれるマッカリヌプリの麓《ふもと》に続く胆振《いぶり》の大草原を、日本海から内浦湾《うちうらわん》に吹きぬける西風が、打ち寄せる紆濤《うねり》のように跡から跡から吹き払っていった。寒い風だ。見上げると八合目まで雪になったマッカリヌプリは少し頭を前にこごめて風に歯向いながら黙ったまま突立っていた
10,兄が情死を試みた時点から実際に死亡するまでの経過年数について、提供された文脈から判断すると、兄は「七年も患っていた」と記述されています。したがって、情死を試みた時点から実際に死亡するまでおよそ七年が経過したと考えられます。,"死は一刻々々に迫った。私達の眼前《めのまえ》にあったものは、半ば閉じた眼――尖った鼻――力のない口――蒼ざめて石のように冷くなった頬――呻声も呼吸も終《しまい》に聞えなかった。
　数時間経って、お房が入院中世話に成った礼を述べ、又、別れを告げようと思って、私は医局へ行った。その時、大きなテエブルを取囲《とりま》いた学士達から手厚い弔辞《くやみ》を受けた"
11,申し訳ありませんが、提供された文脈には「お房」という人物やその人物が小諸を出発した日に一緒に出かけた友達についての情報は含まれていません。そのため、誰が一緒に出かけたのかはわかりません。,良人が洋行しましたその秋、ひどい雨の降る日でしたがね、小石川の知己《しるべ》までまいって、その家《うち》で雇ってもらった車に乗って帰りかけたのです
12,サーカス団の楽屋には、ライオンが合計で3匹います。,"それとも、二十面相をつかまえることのできない、サーカスの人たちや警官を、あざ笑っているのでしょうか。
　小林、井上、野呂の三少年が、楽屋口にむらがっているサーカス団員のうしろから、このふしぎな光景をながめていました。骸骨男が、なぜこんな曲芸をやっているのか、その気もちがわかりません。
　ぐるぐるまわっているゾウが、楽屋口の前をとおりました"
13,「死生に関するいくつかの断想」に登場する二人の兄弟のうち、より健康だったのは歳下の弟です。彼は人力車夫として一家の面倒を見ており、自分の人力車を持っていなかったため、一日五銭で借りて働いていました。一方、長男は七年も患っており、身体の病気の犠牲になっていました。,"そして、日本人の悲劇は一般に興味深いものである。

一二月二九日。　予想したように、死んだ男の話はなかなか聴きでがあった。この家族は四人である――父と母は高齢で弱っているが、それに二人の息子がいる。死んだのは三四歳の長男で、七年も患っていた。歳下の方は人力車夫で、一人で一家の面倒を見ていた。彼は自分の人力車を持っていなかったので、一日五銭で借りていた"
14,笠原正一君が見た恐ろしい夢の内容は、うす暗い空から豆つぶのようなものがいっぱいふってくるというものでした。,"これでは、骸骨男がしのびよるすきがありません。正一君はあんぜんです。たとえ見はりの目をかすめて、寝室にはいれたとしても、正一君の隣のベッドには、力の強い笠原さんが寝ているのです。正一君を、むざむざ、骸骨男の思うままにさせるはずがありません。
　そのとき、正一君は、恐ろしい夢を見ていました。
　うす暗い空から、豆つぶのようなものが、いっぱい、ふってくるのです"
15,提供された文脈には、明智が骸骨男に追いつくまでの具体的な距離に関する情報は記載されていません。そのため、明智が投げ縄をするまでに縮めた差が何メートルであるかはわかりません。,"うしろの自動車では、小林君たちが思わず、アッと声をたてました。
　サーチライトの光の中に、骸骨男が、まっさかさまにウマから落ちるのが見えます。投げ縄は、みごとに命中したのです。
　骸骨男のウマは、そのまま走りさってしまいました。明智のウマが、地面にころがった骸骨男よりも前にすすみました。骸骨男は、首にかかったほそびきで、ずるずると、地面を引きずられています"
16,濃紺、紫、バラ色、薄青、パールグレイ,南側の隣の家は――低くくて、黒ずんだ構えをした家であるが――染物屋である。ご存知のように、日本の染物屋は天日で乾かすために、家の前で竹の柱と柱との間に、濃紺、紫、バラ色、薄青、パールグレイなど、さまざまな色の絹や綿の長い布を広げている。昨日、この隣人が私に自分の家に来ないかと誘ってくれた。その小さな住まいの正面を通って案内されたが、奥の縁側から、京都の古いお屋敷にも匹敵するような庭を見て驚いた
17,主人公が「最後の晩餐（ばんさん）！」と思った理由は、村医者が二度も三度も診に来たにもかかわらず、病状が改善しないことから、最早駄目かもしれないという気持ちが起こってきたためです。,"その晩は牛込に住む友達の家に会があった。私は途中でミルクを買いしなこの友達にも逢って、小児科医の心あたりを聞いて見る積りであった。村医者は二度も三度も診に来た。最早駄目かしらん、こんな気が起って来た。
「最後の晩餐《ばんさん》！」
　と、不図《ふと》、私は坂の途中で鷲《わし》印のミルク罐《かん》を買いながら思った。牛込の家には、種々な知人が集っていた。そこで戦地から帰って来た友達にも逢った"
18,小林、井上,"そこで、いよいよ、少年探偵団がこの怪事件にのりだすことになったのです。
　この事件の主任は、警視庁の中村捜査係長でしたが、小林少年は中村警部とは、したしいあいだがらなので、警部にあって、少年探偵団に、正一君とミヨ子ちゃんの見はりをやらせてくれとたのみました。
「そうか。野呂君と団長の子どもと仲よしなのか。それなら、昼間とよいのうちだけ、きみたちに見はりをたのもう"
19,「万右衛門」という名前は、提供された文脈の中には登場していません。,仁右衛門の姿を見るとぎろっ［＃「ぎろっ」に傍点］と睨《にら》みつけた眼をそのまま床の方に振り向けた。仁右衛門は場主の一眼《ひとめ》でどやし付けられて這入る事も得せずに逡《しりご》みしていると、場主の眼がまた床の間からこっちに帰って来そうになった
20,提供された文脈からは、染物屋の家族が泥棒から身を守ることができた理由についての具体的な情報は記載されていません。したがって、その理由については分かりません。,彼はまた泥棒についての不思議な話をした。染物屋はとくに泥棒に入られやすいのだという。理由の一端は、彼らが預かっている絹織物の価値の故であるし、また、仕事柄、儲かるものであると知られているからである。ある夕、泥棒が入った。主人は町におらず。彼の老母、妻それに女中が、その時家の中にいた。三人の賊は戸口から侵入したが、覆面をして長い刀を帯びていた
21,桜、躑躅、柿、李、林檎,"行っても、行っても、お菊の思うような小諸の古い城跡へは出なかった。桑畠のかわりには、植木苗の畠がある。黒ずんだ松林のかわりには、明るい雑木の林がある。そのうちに、木と木の間が光って、高い青空は夕映《ゆうばえ》の色に耀《かがや》き始めた。
　急にお菊は勝手の違ったように、四辺《あたり》を眺め廻した。そして子供らしい恐怖に打たれて、なんでも家の方へ帰ろうと言出した"
22,ノロちゃんの本名については、提供された文脈には記載されていません。,"ノロちゃんは人なつっこい子ですから、新しくはいってきた笠原正一君と、まっさきにお友だちになってしまいました。
　そのことから、この『サーカスの怪人事件』に、少年探偵団が、ふかい関係をもつことになるのです"
23,久野、窪田,"しかしそれらしいものは誰れもいなかった。昨日久野が潜んでいたあたりは、今日は夕方から曇ったのでただ茫《ぼう》と黄色い蘆が見えるだけであった。

　いよいよ季節に入ったので高商、明治という工合に次ぎ次ぎ競漕会が行われた。そうなって来ると勝敗が他人事ではなく思われて来る。大学の各科でももうレースコースを漕ぎ出した。文科も予定通り五分の力漕まで漕ぎつけて、競漕の三日前からレースコースをやることになった"
24,文中に「大豆」という文字は登場していません。,"あるいはローマ数字。点かけたるもあり。ひとたび消してイキルとしたるもあり。
「それじゃ千々岩さん。その方はそれと決めて置いて、いよいよ定《き》まったらすぐ知らしてくれたまえ。――大丈夫間違はあるまいね」
「大丈夫さ、もう大臣の手もとまで出ているのだから。しかし何しろ競争者《あいて》がしょっちゅう運動しとるのだから例のも思い切って撒《ま》かんといけない。これだがね、こいつなかなか食えないやつだ"
25,久野が舵手として参加した春季の大学のボート大会では、久野や窪田のいる文科勢の五人の艇が勝者となりました。,"しかしそれらしいものは誰れもいなかった。昨日久野が潜んでいたあたりは、今日は夕方から曇ったのでただ茫《ぼう》と黄色い蘆が見えるだけであった。

　いよいよ季節に入ったので高商、明治という工合に次ぎ次ぎ競漕会が行われた。そうなって来ると勝敗が他人事ではなく思われて来る。大学の各科でももうレースコースを漕ぎ出した。文科も予定通り五分の力漕まで漕ぎつけて、競漕の三日前からレースコースをやることになった"
26,骸骨男にさらわれたのは正一君です。,"正一君とミヨ子ちゃんです。
　小林君は、とっさに立ちあがり、ふたりをだきとめるようにして、どうしたのだと、たずねますと、正一君は、
「あいつがバスの中にいる。骸骨が、ぼくらにつかみかかってきた。早く逃げなけりゃあ……。」
と、声もたえだえにいうのでした。ああ、これはいったい、どうしたことでしょう。だれもバスの中へ、はいったものはありません"
27,提供された文脈からは、大学の競漕会において文科と農科のどちらが先にリードを奪ったかについての具体的な情報は記載されていません。したがって、その点についてはわかりません。,文科も予定通り五分の力漕まで漕ぎつけて、競漕の三日前からレースコースをやることになった。もうこう差し迫っては泣いても吠《ほ》えても追いつかない。そこで正々堂々と衆目環視の中に競漕水路を漕ぐのである。土堤《どて》の上では野次が寄ってたかった。敵味方の漕力を測ったり比較したりする。だんだんいわゆる土堤評というものが出来上ってくる。それが初めは農科必勝ということに傾いていた
28,婦人が見た夕景色についての具体的な地域は、提供された文脈からは明確に特定できません。文中には「古びた田舎家の間内が薄ぐらくなって、話す人の浴衣ばかり白く見える」と記述されていますが、具体的な地名や地域に関する情報は含まれていません。したがって、どの地域であるかはわかりません。,婦人は鼻をつまらせつつしみじみ話す。自分は床柱《とこばしら》にもたれてぼんやりきいている。妻《さい》は頭《かしら》をたれている。日はいつか暮れてしもうた。古びた田舎家《いなかや》の間内《まうち》が薄ぐらくなって、話す人の浴衣《ゆかた》ばかり白く見える
29,申し訳ありませんが、提供された文脈からは骸骨男が最初に行った殺人の場所についての情報は見つかりませんでした。,"屋根のかくれ場所は、人間ひとりしかはいれません。正一君を、そこへかくすと、骸骨男のかくれ場所がなくなってしまうのです。庭におりなかったことは、足あとがないので、はっきりしています。骸骨男は、いったい、どこへ、かくれてしまったのでしょう？
　あのとき刑事たちが、家の中は、すみからすみまでしらべました。しかしあやしいやつは、ひとりもいなかったのです。これはいったい、どうしたわけでしょう"
30,小説「芽生」の主人公が東京に行ったのは、主に「千曲川一帯の沿岸の風俗、人情、そこで呼吸する山気、眼に映る日光の色まで――すべて、そういうものの記憶を自分と一緒に山から運んで行こうとした」ためです。,"楊《やなぎ》、楓《かえで》、漆《うるし》、樺《かば》、楢《なら》、蘆《あし》などの生い茂る千曲川《ちくまがわ》一帯の沿岸の風俗、人情、そこで呼吸する山気、眼に映る日光の色まで――すべて、そういうものの記憶を私は自分と一緒に山から運んで行こうとした。
　汽車が上州の平野へ下りた頃、私は窓から首を出して、もう一度山の方を見ようとした。浅間の煙は雲の影に成ってよく見えなかった"
31,小林君は女の子に変装して、その家の女中として住み込み、いろいろと情報を探り出しました。,"きみと骸骨男とは、ひとりなんだから、取っくみあえるはずがありませんからね。
　この秘密をといたのも、小林君でした。三日まえ、あなたの部下の腹話術師が、正一君をかくしたトランクを自動車に乗せて、大山の山中の炭やき小屋へいったとき、小林君は、こじき少年に変装して、あの自動車のうしろの荷物を入れるトランクの中に、かくれていたのですよ"
32,提供された文脈から、井戸の掃除が具体的に何月に行われたかは明示されていません。ただし、「毎年すべての井戸は空にされ、掃除され」と記載されているため、年に一度行われることはわかりますが、具体的な月については情報がありません。,"今週は思いがけない訪問が三つ、わが家にあった。

　最初のものは、井戸掃除職人たちだった。毎年すべての井戸は空にされ、掃除され、井戸の神様である水神様が荒れ狂わないようにしなければならない。この時に、私は、日本の井戸と、ミズハノメノミコト（水波能売命）とも呼ばれる二つの名を持つ井戸の守り神にまつわるいくつかの事柄を知ったのだった"
33,申し訳ありませんが、提供された文脈からは仁右衛門が北海道を離れて始めた新しい生活についての具体的な情報は得られませんでした。,"しかし仁右衛門は小屋の所在が知れると跡は聞いていなかった。餓えと寒さがひしひしと答え出してがたがた身をふるわしながら、挨拶一つせずにさっさと別れて歩き出した。
　玉蜀黍殻《とうきびがら》といたどり［＃「いたどり」に傍点］の茎で囲いをした二間半四方ほどの小屋が、前のめりにかしいで、海月《くらげ》のような低い勾配《こうばい》の小山の半腹に立っていた"
34,物ごし格好、濃き眉毛、煙管片手、目は細々、口も閉じあえず、髪黒々、しとやかなる、利発らしき目,婦人は鼻をつまらせつつしみじみ話す。自分は床柱《とこばしら》にもたれてぼんやりきいている。妻《さい》は頭《かしら》をたれている。日はいつか暮れてしもうた。古びた田舎家《いなかや》の間内《まうち》が薄ぐらくなって、話す人の浴衣《ゆかた》ばかり白く見える
35,"提供された文脈から判断すると、骸骨男が煙のように消えた場面として具体的に描写されたシーンは以下の2回です。

1. 「大型バスの中から骸骨男が消えた」シーン。
2. 「楽屋の中へ消えてしまった」シーン。

したがって、合計2回です。","しかし、だれもうたがわなかったのです。あなたと骸骨男と同じ人だなんて、どうして想像できるでしょう。
　いつか、大型バスの中から骸骨男が消えたのも、バスの床に、かくし戸がついていたというのはごまかしで、じつは、きみが、ひとりしばい［＃「しばい」に傍点］をやって、取っくみあっているように見せかけたのです。きみと骸骨男とは、ひとりなんだから、取っくみあえるはずがありませんからね"
36,申し訳ありませんが、提供された文脈からは、メガネを作ってくれた老人が死んだことが手紙の内容から判明した具体的な日付についての情報は見つかりませんでした。,"姑はふと思い出《い》でたるように、
「お、武男から手紙が来たようじゃったが、どう書《け》えて来申《きも》した？」
　浪子は枕べに置きし一通の手紙のなかぬき出《いだ》して姑に渡しつつ、
「この日曜にはきっといらッしゃいますそうでございますよ」
「そうかな」ずうと目を通してくるくるとまき収め、「転地養生もねもんじゃ。この寒にエットからだ動《いご》かして見なさい、それこそ無《な》か病気も出て来ます"
37,申し訳ありませんが、提供された文脈からは小作人となった主人公の身長についての情報は見つかりませんでした。,"小林君も、ひごろ明智先生から、いわれているので、そのことは、よくこころえていました。大ぜいの団員の中から、からだが大きくて力の強い少年で、おとうさんや、おかあさんが、ゆるしてくださるものだけを、六人えらび出し、小林君が隊長になって見はりをやることにしました。
　骸骨の顔が、窓からのぞいた日のよくじつです"
38,高崎です。,"つづいて農科の艇もつながれた。
　艇庫と土堤と応援船とから「文科あ！　農科あ！　樺あ！　紫い！」などと言う声が錯綜《さくそう》して起った。審判艇は二つの艇を曳いて発足点へ向った。漕手は皆艇の中へ寝ていた。久野は舵の綱をまさぐりながら、応援の声の多寡を聞き知ろうと思った。どうしても農科の応援の方が多いように思われた。洗い場の辺に久野の友人の松田と成沢が立っていた"
39,申し訳ありませんが、提供された文脈には片岡中将の体重に関する情報は含まれていません。,片岡中将としいえば、当時予備にこそおれ、驍名《ぎょうめい》天下に隠れなく、畏《かしこ》きあたりの御覚《おんおぼ》えもいとめでたく、度量｜濶大《かつだい》にして、誠に国家の干城と言いつべき将軍なり。千々岩は早くこの将軍の隠然として天下に重き勢力を見ぬきたれば、いささかの便《たより》を求めて次第に近寄り、如才なく奥にも取り入りつ。目は直ちに第一の令嬢浪子をにらみぬ
40,「サーカスの怪人」の作中に実物として登場する動物は、ゾウのみです。,"テントの中へしのびこめば、まだ開演中ですから、サーカス団員や見物たちの目につかないはずはありません。
　またしても、怪物は、煙のように消えうせたのです。骸骨男は、なにかふしぎな魔法をこころえてでもいるのでしょうか。

道化師の怪［＃「道化師の怪」は中見出し］

　そのあくる日の午前のことです"
41,お房が病院に来てから二週間目の晩に耳がよく聞こえなくなりました。,病院へ来て二週間目にあたるという晩には、お房は最早《もう》耳もよく聴えなかった。唯、物を言いたそうにする口――下唇を突出すようにして、息づかいをする口だけ残った。過度の疲労と、睡眠の不足とで、私達は半分眠りながら看護した。夜の二時半頃、私は交代で起きて、附添の女や家内を休ませたが、二人は横に成ったかと思うと直に死んだように成って了った
42,体格がよいと評されているのは与十の妻です。文中に「体重は十九貫、公侯伯子男爵の女性《にょしょう》を通じて、体格《がら》にかけては関脇《せきわき》は確かとの評あり」と記述されています。,体重は十九貫、公侯伯子男爵の女性《にょしょう》を通じて、体格《がら》にかけては関脇《せきわき》は確かとの評あり。しかしその肥大も実は五六年前｜前《ぜん》夫｜通武《みちたけ》の病没したる後の事にて、その以前はやせぎすの色｜蒼《あお》ざめて、病人のようなりしという。されば圧《お》しつけられしゴム球《まり》の手を離されてぶくぶくと膨《ふく》れ上がる類《たぐい》にやという者もありき
43,申し訳ありませんが、提供された文脈には川島武男が日射病になったことやその回復についての情報は含まれていません。したがって、どのように回復したかについてはわかりません。,折りかえして戦地より武男が返書は来たれり。返書来たりてより一月あまりにして、一通の電報は佐世保の海軍病院より武男が負傷を報じ来《こ》しぬ。さすがに母が電報をとりし手はわなわなと打ち震いつ。ほどなくその負傷は命《めい》に関するほどにもあらざる由を聞きたれど、なお田崎を遠く佐世保にやりてそのようすを見させしなりき
44,小林君が隠れていた場所についての具体的な記述は提供された文脈にはありません。したがって、どこに隠れていたかはわかりません。,"そこで、いよいよ、少年探偵団がこの怪事件にのりだすことになったのです。
　この事件の主任は、警視庁の中村捜査係長でしたが、小林少年は中村警部とは、したしいあいだがらなので、警部にあって、少年探偵団に、正一君とミヨ子ちゃんの見はりをやらせてくれとたのみました。
「そうか。野呂君と団長の子どもと仲よしなのか。それなら、昼間とよいのうちだけ、きみたちに見はりをたのもう"
45,申し訳ありませんが、提供された文脈からは千々岩が具体的に恨みを抱いた人物全てを特定することはできません。,"かの常にわが冷頭を誇り、情に熱して数字を忘るるの愚を笑える千々岩も、連敗の余のさすがに気は乱れ心狂いて、一｜腔《こう》の怨毒《えんどく》いずれに向かってか吐き尽くすべき路《みち》を得ずば、自己――千々岩安彦が五尺の躯《み》まず破れおわらんずる心地《ここち》せるなり。
　復讎《ふくしゅう》、復讎、世に心よきはにくしと思う人の血をすすって、その頬《ほお》の一｜臠《れん》に舌鼓うつ時の感なるべし"
46,仁右衛門が村に到着したときに持っていた家畜は馬です。,"仁右衛門はいわれる事がよく飲み込めはしなかったが、腹の中では糞《くそ》を喰《く》らえと思いながら、今まで働いていた畑を気にして入口から眺めていた。
「お前は馬を持ってるくせに何んだって馬耕をしねえだ。幾日《いくんち》もなく雪になるだに」
　帳場は抽象論から実際論に切込んで行った。
「馬はあるが、プラオがねえだ」
　仁右衛門は鼻の先きであしらった"
47,申し訳ありませんが、提供された文脈の中には通訳者の名前に関する情報は含まれていません。,"うちのものは、笠原さんを、そうよんでいるのです。
　みんなが、そこへ、集まってきました。
　笠原さんは、パジャマの上から手足を、ぐるぐるまきにしばられ、タオルで、さるぐつわをはめられて、洗面台の下にたおれていました。そのさるぐつわの下から、うめき声をたてていたのが、女中さんの耳にはいったのです。
　みんなで、なわとさるぐつわをときますと、笠原さんは、
「あいつは、どこにいます。つかまりましたか"
48,その情報は提供された文脈には含まれていません。早川が競漕に参加しなかった理由については、文脈からはわかりません。,"しかしそれらしいものは誰れもいなかった。昨日久野が潜んでいたあたりは、今日は夕方から曇ったのでただ茫《ぼう》と黄色い蘆が見えるだけであった。

　いよいよ季節に入ったので高商、明治という工合に次ぎ次ぎ競漕会が行われた。そうなって来ると勝敗が他人事ではなく思われて来る。大学の各科でももうレースコースを漕ぎ出した。文科も予定通り五分の力漕まで漕ぎつけて、競漕の三日前からレースコースをやることになった"
49,作中で婦人は「二十七八」と描写されています。,十二の年に母は果てます、父はひどく力を落としまして後妻《あと》もとらなかったのですから、子供ながら私がいろいろ家事をやってましたね。それから弟に嫁をとって、私はやはり旗下《はたもと》の、格式は少し上でしたが小川の家《うち》にまいったのが、二十一の年、あなた方はまだなかなかお生まれでもなかったころでございますよ
50,「へへ…」という笑い声は、提供された文脈の中で1回登場します。,"ほほほほ」
「おほほほほ」
　笑う下より浪子はたちまちせきを発して、右の胸をおさえつ。
「あまり話したからいけないのでしょう。胸が痛むの？」
「時々せきするとね、ここに響いてしようがないの」
　言いつつ浪子の目はたちまちすうと薄れ行く障子の日影を打ちながめつ"
51,「カインの末裔」の舞台となる都道府県は北海道です。,"荒らくれた大きな自然だけがそこに甦《よみがえ》った。
　こうして仁右衛門夫婦は、何処《どこ》からともなくＫ村に現われ出て、松川農場の小作人になった。

　　　　　（二）

　仁右衛門の小屋から一町ほど離れて、Ｋ村から倶知安《くっちゃん》に通う道路添《みちぞ》いに、佐藤与十という小作人の小屋があった"
52,申し訳ありませんが、提供された文脈からは人力車夫の弟が1ヶ月（30日）働いたときの人力車のレンタル代についての情報は見つかりませんでした。,"これだけの事で飯の種にありつけるのはありがたい事だった。戸外では赤坊がまだ泣きやんでいなかった。
「俺《お》ら銭《ぜに》こ一文も持たねえからちょっぴり借りたいだが」
　赤坊の事を思うと、急に小銭がほしくなって、彼れがこういい出すと、帳場は呆《あき》れたように彼れの顔を見詰めた、――こいつは馬鹿な面《つら》をしているくせに油断のならない横紙破りだと思いながら"
53,"小作料の滞納に対する利子は年2割5分（25%）です。これが単利で計算されると仮定します。

まず、小作料の基本額を確認します。一反歩あたりの小作料は2円20銭です。

次に、3年間の滞納に対する利子を計算します。

1年目の利子：
2円20銭 × 25% = 0.55円

2年目の利子：
2円20銭 × 25% = 0.55円

3年目の利子：
2円20銭 × 25% = 0.55円

したがって、3年間の利子の総額は：
0.55円 + 0.55円 + 0.55円 = 1.65円

よって、3年間小作料を滞納すると支払うべき利子の総額は1反歩あたり1円65銭になります。",小作料は三年ごとに書換えの一反歩二円二十銭である事、滞納には年二割五分の利子を付する事、村税は小作に割宛てる事、仁右衛門の小屋は前の小作から十五円で買ってあるのだから来年中に償還すべき事、作跡《さくあと》は馬耕《うまおこし》して置くべき事、亜麻は貸付地積の五分の一以上作ってはならぬ事、博奕《ばくち》をしてはならぬ事、隣保相助けねばならぬ事、豊作にも小作料は割増しをせぬ代りどんな凶作でも割引は禁ずる事、場主に直訴《じきそ》がましい事をしてはならぬ事、掠奪《りゃくだつ》農業をしてはならぬ事、それから云々、それから云々
54,骸骨男が犯行に使った魔法の具体的な種類については、提供された文脈からは明確に記述されていません。ただし、骸骨男は「すがたを消す術」を心得ているとされています。また、密室の中に溶け込むように姿を消すことができるとも述べられています。これらの記述から、骸骨男は姿を消す魔法や、密室に溶け込むような魔法を使っていると推測されます。,"あの幽霊のような骸骨男が、ふしぎな魔法で、寝室の中へしのびこんだかもしれない。そして正一少年をひどいめにあわせているのかもしれないと、思ったからです。
　刑事は、二ど、三ど、ドアにぶつかっていきました。そのたびに、めりめりという音がして、三どめには、ドアの板がやぶれ、すこし、すきまができました。
　そのすきまにむかって、また、ぶつかっていきます。だんだん穴が大きくなりました"
55,文科チームの合宿所は、「鳥金」という料理屋の裏手にあります。,"二

　合宿所は言問《こととい》の近くの鳥金《とりきん》という料理屋の裏手にあった。道を隔てて前と横とが芸者屋であった。隣りには高い塀《へい》を隔てて瀟洒《しょうしゃ》たる二階屋の中に、お妾《めかけ》らしい女が住んでいた。朝などはその女が下婢《かひ》に何とか言いつけているきれいな声が洩《も》れたりした。しかし合宿所を引き上げるまで、とうとうその女は姿を見せないでしまった"
56,申し訳ありませんが、提供された文脈には巨大なトンボの装飾品についての記述が含まれていません。そのため、その大きさについてはわかりません。,あなたはそれを、ごらんになりましたか。ああ、あなたが受けとったのですか。じゅうたんは巻いてあったのですね。その大きさが知りたいのですが、長さは？　……二メートルぐらいですね。太さは？　……五十センチ？　そんなに太かったのですか。ああ、三部屋ぶんですね。わかりました。……ところで笠原さんは、いつごろ出かけられたのですか……いましがた？　サーカスへいかれたのですか
57,山木兵造が提案した解決策は、お豊を「行儀見習い」と称して川島家に入れることです。,それがために数多からぬ知己親類の嫁しうべき嬢子《むすめ》を心のうちにあれこれと繰り見しが、思わしきものもなくて、思い迷えるおりから、山木は突然娘お豊を行儀見習いと称して川島家に入れ込みぬ。武男が母とて白痴にもあらざれば、山木が底意は必ずしも知らざるにあらず。お豊が必ずしも知徳兼備の賢婦人ならざるをも知らざるにはあらざりき。されどおぼるる者は藁《わら》をもつかむ
58,武男が先に湯に入っています。,"武男は図らずして乃舅《だいきゅう》を救えるなり。
　　　　　　　＊
　この事いずれよりか伝わりて、浪子に達せし時、幾は限りなくよろこびて、
「ごらん遊ばせ。どうしても御縁が尽きぬのでございますよ。精出して御養生遊ばせ。ねエ、精出して養生いたしましょうねエ」
　浪子はさびしく打ちほほえみぬ"
59,申し訳ありませんが、提供された文脈には婦人が着ていた被布の色についての情報は含まれていません。,婦人は鼻をつまらせつつしみじみ話す。自分は床柱《とこばしら》にもたれてぼんやりきいている。妻《さい》は頭《かしら》をたれている。日はいつか暮れてしもうた。古びた田舎家《いなかや》の間内《まうち》が薄ぐらくなって、話す人の浴衣《ゆかた》ばかり白く見える
60,提供された文脈からは、お菊とお繁の新しい環境での元気さについての具体的な情報はありません。したがって、どちらが新しい環境でも元気だったかはわかりません。,草木も初夏の熱のために蒸される頃と成った。庭には木犀の若葉もかがやいたし、植木屋の盆栽棚には種々な花も咲いたし、裏の畠の方には村の人達が茶を摘んでいたし、何処へ行っても子供に取っては楽しい時であった。お房は一寸遊びに出たかと思うと、直に帰って来てゴロゴロしていた。お繁やお菊で私達も懲《こ》りたから、早速、新宿の医者に見せた。牛込の医者にも見せた
